Acad Group,Subject,Catalog Number,Class Section,studentid,Consent,Sex,Prim Prog
ASC,PSYC, 100A,005,10090196,3,F,BSCH
ASC,PSYC, 100A,005,10089301,3,F,BSCH
ASC,PSYC, 100A,005,10085221,3,F,BSCH
ASC,PSYC, 100A,005,10086171,3,F,BSCH
ASC,PSYC, 100A,005,10091466,3,F,BAH
ASC,PSYC, 100A,005,10044109,3,M,BSC
ASC,PSYC, 100A,005,10113266,3,M,BAH
ASC,PSYC, 100A,005,10122152,3,F,BAH
ASC,PSYC, 100A,005,10085591,3,F,BSCH
ASC,PSYC, 100A,005,10085933,3,M,BSCH
ASC,PSYC, 100A,005,10106105,3,F,BAH
ASC,PSYC, 100A,005,10080476,3,F,BAH
ASC,PSYC, 100A,005,10085832,3,M,BSCH
ASC,PSYC, 100A,005,06197191,3,F,BSCH
ASC,PSYC, 100A,005,10104559,3,F,BAH
ASC,PSYC, 100A,005,05149850,3,F,BA
ASC,PSYC, 100A,005,10113208,3,F,BAH
ASC,PSYC, 100A,006,10089248,3,M,BSCH
ASC,PSYC, 100A,006,10089283,3,F,BAH
ASC,PSYC, 100A,006,10085531,3,F,BSCH
ASC,PSYC, 100A,006,10102048,3,F,BAH
ASC,PSYC, 100A,006,10090083,3,F,BSCH
ASC,PSYC, 100A,006,10118861,3,F,UASC
ASC,PSYC, 100A,006,10098942,3,M,BAH
ASC,PSYC, 100A,006,10110541,3,F,BAH
ASC,PSYC, 100A,006,10061929,3,F,BSC
ASC,PSYC, 100A,006,10099844,3,F,BAH
ASC,PSYC, 100A,006,10094365,3,F,BSCH
ASC,PSYC, 100A,006,10089335,3,F,BSCH
ASC,PSYC, 100A,006,10094450,3,M,BAH
ASC,PSYC, 100A,006,10090755,3,M,BAH
ASC,PSYC, 100A,006,10089164,3,F,BSCH
ASC,PSYC, 100A,006,10090443,3,F,BSCH
ASC,PSYC, 100A,006,10096278,3,F,BAH
ASC,PSYC, 100A,006,10105118,3,F,BAH
ASC,PSYC, 100A,006,10096087,3,F,BAH
ASC,PSYC, 100A,006,10096376,3,F,BAH
ASC,PSYC, 100A,006,10083586,3,F,BSCH
ASC,PSYC, 100A,006,10093735,3,F,BAH
ASC,PSYC, 100A,007,10090856,3,F,BSCH
ASC,PSYC, 100A,007,10093896,3,M,BSCH
ASC,PSYC, 100A,007,10084134,3,F,BAH
ASC,PSYC, 100A,007,10122339,3,F,BAH
ASC,PSYC, 100A,007,10085096,3,F,BAH
ASC,PSYC, 100A,007,10097072,3,F,BAH
ASC,PSYC, 100A,007,10041736,3,F,BCOM
ASC,PSYC, 100A,007,10085077,3,M,BAH
ASC,PSYC, 100A,007,10091517,3,F,BSCH
ASC,PSYC, 100A,007,10008336,3,M,BAH
ASC,PSYC, 100A,007,10093181,3,F,BSCH
ASC,PSYC, 100A,008,10028141,3,M,BAH
ASC,PSYC, 100A,008,10105494,3,F,BAH
ASC,PSYC, 100A,008,10030861,3,F,BSCH
ASC,PSYC, 100A,008,10107549,3,F,BAH
ASC,PSYC, 100A,008,10086354,3,F,BSCH
ASC,PSYC, 100A,008,10097586,3,F,BAH
ASC,PSYC, 100A,008,10104863,3,F,BAH
ASC,PSYC, 100A,008,10093248,3,M,BSCH
ASC,PSYC, 100A,008,10104747,3,F,BAH
ASC,PSYC, 100A,008,10089179,3,F,BAH
ASC,PSYC, 100A,008,10112228,3,M,BAH
ASC,PSYC, 100A,008,10099375,3,F,BAH
ASC,PSYC, 100A,008,10105369,3,F,BAH
ASC,PSYC, 100A,009,10108217,3,F,BAH
ASC,PSYC, 100A,009,10095451,3,F,BAH
ASC,PSYC, 100A,009,10107451,3,F,BAH
ASC,PSYC, 100A,009,10093771,3,F,BAH
ASC,PSYC, 100A,009,10095353,3,F,BSCH
ASC,PSYC, 100A,009,10099819,3,M,BAH
ASC,PSYC, 100A,009,10060944,3,F,BAH
ASC,PSYC, 100A,009,10109587,3,F,BAH
ASC,PSYC, 100A,009,06256274,3,M,BAH
ASC,PSYC, 100A,009,10091552,3,F,BSCH
ASC,PSYC, 100A,009,10094254,3,F,BAH
ASC,PSYC, 100A,009,10094856,3,F,BAH
ASC,PSYC, 100A,009,10090507,3,F,BAH
ASC,PSYC, 100A,010,10056840,3,M,BAH
ASC,PSYC, 100A,010,10103794,3,F,BAH
ASC,PSYC, 100A,010,10098288,3,M,BAH
ASC,PSYC, 100A,010,10058456,3,F,BAH
ASC,PSYC, 100A,010,10085562,3,F,BSCH
ASC,PSYC, 100A,010,10094991,3,F,BSCH
ASC,PSYC, 100A,010,10063367,3,F,BSCH
ASC,PSYC, 100A,010,10093574,3,F,BSCH
ASC,PSYC, 100A,010,10099400,3,M,BAH
ASC,PSYC, 100A,010,10107144,3,F,BSCH
ASC,PSYC, 100A,010,06331074,3,M,BSC
ASC,PSYC, 100A,010,10111868,3,M,BAH
ASC,PSYC, 100A,010,10119525,3,F,BSCH
ASC,PSYC, 100A,010,10106903,3,M,BAH
ASC,PSYC, 100A,010,10083968,3,M,BAH
ASC,PSYC, 100A,010,10052951,3,M,BSCH
ASC,PSYC, 100A,010,10053144,3,M,BCOM
ASC,PSYC, 100A,010,10048230,3,F,BSCH
ASC,PSYC, 100A,011,10049052,3,F,BAH
ASC,PSYC, 100A,011,10103745,3,F,BAH
ASC,PSYC, 100A,011,10106738,3,M,BAH
ASC,PSYC, 100A,011,10091756,3,F,BAH
ASC,PSYC, 100A,011,10093299,3,M,BAH
ASC,PSYC, 100A,011,10050304,3,M,BAH
ASC,PSYC, 100A,011,10107243,3,F,BAH
ASC,PSYC, 100A,011,10094262,3,F,BAH
ASC,PSYC, 100A,011,10105045,3,F,BAH
ASC,PSYC, 100A,011,10102708,3,M,BSCH
ASC,PSYC, 100A,012,10106193,3,M,BSCH
ASC,PSYC, 100A,012,10089886,3,F,BSCH
ASC,PSYC, 100A,012,10110300,3,M,BAH
ASC,PSYC, 100A,012,10093899,3,F,BAH
ASC,PSYC, 100A,012,10109198,3,M,BAH
ASC,PSYC, 100A,012,10103669,3,M,BSCH
ASC,PSYC, 100A,012,10100876,3,F,BAH
ASC,PSYC, 100A,012,10112722,3,M,BAH
ASC,PSYC, 100A,012,10101405,3,F,BAH
ASC,PSYC, 100A,012,10093700,3,F,BAH
ASC,PSYC, 100A,012,10091743,3,F,BAH
ASC,PSYC, 100A,012,10095878,3,F,BAH
ASC,PSYC, 100A,012,10101152,3,F,BAH
ASC,PSYC, 100A,012,10119943,3,F,BAH
ASC,PSYC, 100A,012,10094599,3,F,BAH
ASC,PSYC, 100A,013,10107105,3,F,BAH
ASC,PSYC, 100A,013,10107325,3,M,BCMPH
ASC,PSYC, 100A,014,10105077,3,M,BSCH
ASC,PSYC, 100A,014,10106475,3,F,BAH
ASC,PSYC, 100A,014,10091487,3,F,BAH
ASC,PSYC, 100A,014,10024208,3,M,BSCH
ASC,PSYC, 100A,014,10108642,3,F,BAH
ASC,PSYC, 100A,014,10110189,3,F,BAH
ASC,PSYC, 100A,014,10105464,3,F,BAH
ASC,PSYC, 100A,014,10092714,3,F,BAH
ASC,PSYC, 100A,014,10099866,3,F,BAH
ASC,PSYC, 100A,014,10108934,3,M,BAH
ASC,PSYC, 100A,014,10100356,3,M,BSCH
ASC,PSYC, 100A,015,10090136,3,F,BNSC
ASC,PSYC, 100A,015,10091651,3,F,BNSC
ASC,PSYC, 100A,015,10090861,3,M,BNSC
ASC,PSYC, 100A,015,10089429,3,F,BNSC
ASC,PSYC, 100A,015,10091551,3,F,BNSC
ASC,PSYC, 100A,015,10089865,3,F,BNSC
ASC,PSYC, 100A,015,10090834,3,M,BNSC
ASC,PSYC, 100A,015,10087054,3,F,BNSC
ASC,PSYC, 100A,015,10092118,3,F,BSCH
ASC,PSYC, 100A,015,10105967,3,F,BAH
ASC,PSYC, 100A,015,10090180,3,F,BNSC
ASC,PSYC, 100A,015,10091176,3,F,BNSC
ASC,PSYC, 100A,015,10062198,3,M,BSCH
ASC,PSYC, 100A,015,10092268,3,F,BNSC
ASC,PSYC, 100A,015,10090901,3,F,BNSC
ASC,PSYC, 100A,015,10090461,3,F,BNSC
ASC,PSYC, 100A,015,10086856,3,F,BNSC
ASC,PSYC, 100A,016,10109206,3,F,BAH
ASC,PSYC, 100A,016,10089347,3,F,BSCH
ASC,PSYC, 100A,016,10089116,3,F,BSCH
ASC,PSYC, 100A,016,10113223,3,F,BSCH
ASC,PSYC, 100A,016,10094871,3,F,BAH
ASC,PSYC, 100A,016,10109949,3,F,BAH
ASC,PSYC, 100A,016,10085147,3,F,BAH
ASC,PSYC, 100A,016,10104475,3,F,BAH
ASC,PSYC, 100A,016,10103927,3,F,BAH
ASC,PSYC, 100A,016,10096638,3,F,BAH
ASC,PSYC, 100A,016,10099104,3,F,BAH
ASC,PSYC, 100A,016,10084577,3,F,BSCH
ASC,PSYC, 100A,016,10063413,3,F,BSCH
ASC,PSYC, 100A,017,10107607,3,M,BAH
ASC,PSYC, 100A,017,10102226,3,M,BCMPH
ASC,PSYC, 100A,017,10102218,3,M,BAH
ASC,PSYC, 100A,017,10058583,3,F,BSCH
ASC,PSYC, 100A,017,10089137,3,F,BAH
ASC,PSYC, 100A,017,10089797,3,F,BAH
ASC,PSYC, 100A,017,10098634,3,F,BSCH
ASC,PSYC, 100A,017,10092688,3,F,BAH
ASC,PSYC, 100A,017,10050508,3,F,BSCH
ASC,PSYC, 100A,017,10058316,3,F,BAH
ASC,PSYC, 100A,017,10092390,3,F,BSCH
ASC,PSYC, 100A,017,10101960,3,F,BAH
ASC,PSYC, 100A,018,10045086,3,M,BCOM
ASC,PSYC, 100A,018,10097566,3,F,BAH
ASC,PSYC, 100A,018,10094242,3,F,BAH
ASC,PSYC, 100A,018,10094751,3,F,BAH
ASC,PSYC, 100A,018,10111168,3,F,BAH
ASC,PSYC, 100A,018,10054696,3,F,BAH
ASC,PSYC, 100A,018,10095518,3,F,BAH
ASC,PSYC, 100A,018,10090646,3,F,BAH
ASC,PSYC, 100A,018,10021336,3,F,BSCH
ASC,PSYC, 100A,018,10095522,3,F,BAH
ASC,PSYC, 100A,018,10066493,3,F,BSCH
ASC,PSYC, 100A,018,10089847,3,F,BAH
ASC,PSYC, 100A,018,10092322,3,F,BAH
ASC,PSYC, 100A,018,10095672,3,F,BAH
ASC,PSYC, 100A,018,10091115,3,F,BAH
ASC,PSYC, 100A,018,10089158,3,F,BAH
ASC,PSYC, 100A,018,10066716,3,F,BSC
ASC,PSYC, 100A,018,10090444,3,F,BAH
ASC,PSYC, 100A,018,10109623,3,M,BAH
ASC,PSYC, 100A,018,10020726,3,F,BSCH
ASC,PSYC, 100A,018,10102669,3,F,BSCH
ASC,PSYC, 100A,019,10099014,3,F,BSCH
ASC,PSYC, 100A,019,10043217,3,F,BSCH
ASC,PSYC, 100A,019,10045233,3,F,BAH
ASC,PSYC, 100A,019,10094492,3,F,BSCH
ASC,PSYC, 100A,019,10104970,3,M,BAH
ASC,PSYC, 100A,019,10096952,3,M,BSCH
ASC,PSYC, 100A,019,10101621,3,F,BAH
ASC,PSYC, 100A,019,10097382,3,M,BSCH
ASC,PSYC, 100A,019,10097597,3,F,BSCH
ASC,PSYC, 100A,019,10094255,3,F,BAH
ASC,PSYC, 100A,019,10096758,3,M,BSCH
ASC,PSYC, 100A,019,10098455,3,F,BSCH
ASC,PSYC, 100A,019,10098898,3,F,BSCH
ASC,PSYC, 100A,019,10090371,3,M,BAH
ASC,PSYC, 100A,019,10058309,3,F,BSC
ASC,PSYC, 100A,019,10049439,3,F,BSCH
ASC,PSYC, 100A,019,10066566,3,F,BSCH
ASC,PSYC, 100A,020,10052250,3,M,BAH
ASC,PSYC, 100A,020,06220674,3,M,BSCH
ASC,PSYC, 100A,020,10091425,3,F,BAH
ASC,PSYC, 100A,020,10110127,3,M,BAH
ASC,PSYC, 100A,020,10122297,3,M,BCMPH
ASC,PSYC, 100A,020,10110407,3,F,BSCH
ASC,PSYC, 100A,020,10095225,3,F,BAH
ASC,PSYC, 100A,020,10059647,3,F,BSCH
ASC,PSYC, 100A,021,10111291,3,M,BCMPH
ASC,PSYC, 100A,021,10112225,3,F,BAH
ASC,PSYC, 100A,021,06325317,3,M,BAH
ASC,PSYC, 100A,022,10097590,3,F,BSCH
ASC,PSYC, 100A,022,10103461,3,F,BAH
ASC,PSYC, 100A,022,10091259,3,F,BSCH
ASC,PSYC, 100A,023,10107272,3,F,BNSC
ASC,PSYC, 100A,023,10101110,3,F,BNSC
ASC,PSYC, 100A,023,10103787,3,F,BNSC
ASC,PSYC, 100A,023,10102642,3,F,BNSC
ASC,PSYC, 100A,023,10108657,3,F,BNSC
ASC,PSYC, 100A,023,10102140,3,F,BNSC
ASC,PSYC, 100A,023,10097146,3,F,BAH
ASC,PSYC, 100A,023,10105926,3,F,BNSC
ASC,PSYC, 100A,023,10056276,3,F,BSC
ASC,PSYC, 100A,023,10108577,3,F,BNSC
ASC,PSYC, 100A,023,10108103,3,F,BNSC
ASC,PSYC, 100A,024,10111104,3,F,BAH
ASC,PSYC, 100A,024,10109147,3,F,BAH
ASC,PSYC, 100A,024,10085346,3,F,BAH
ASC,PSYC, 100A,024,10103762,3,F,BSCH
ASC,PSYC, 100A,024,10109017,3,F,BAH
ASC,PSYC, 100A,024,10104514,3,F,BSCH
ASC,PSYC, 100A,024,10109917,3,F,BSCH
ASC,PSYC, 100A,024,10109665,3,F,BSCH
ASC,PSYC, 100A,024,10091470,3,F,BAH
ASC,PSYC, 100A,024,10104521,3,F,BSCH
ASC,PSYC, 100A,025,10102291,3,F,BAH
ASC,PSYC, 100A,025,10090028,3,F,BAH
ASC,PSYC, 100A,025,10092522,3,M,BSCH
ASC,PSYC, 100A,025,10083557,3,M,BCMPH
ASC,PSYC, 100A,025,10093468,3,F,BSCH
ASC,PSYC, 100A,025,10097058,3,F,BSCH
ASC,PSYC, 100A,025,10048221,3,F,BSCH
ASC,PSYC, 100A,025,10107102,3,F,BAH
ASC,PSYC, 100A,025,10085572,3,M,BSCH
ASC,PSYC, 100A,025,10090484,3,F,BSCH
ASC,PSYC, 100A,025,10091705,3,F,BAH
ASC,PSYC, 100A,026,05999239,3,F,BMUS
ASC,PSYC, 100A,026,10105774,3,F,BAH
ASC,PSYC, 100A,026,10094557,3,F,BSCH
ASC,PSYC, 100A,026,10061237,3,F,BAH
ASC,PSYC, 100A,026,10094390,3,M,BSCH
ASC,PSYC, 100A,026,10094883,3,F,BAH
ASC,PSYC, 100A,026,10096827,3,F,BAH
ASC,PSYC, 100A,026,10092159,3,F,BAH
ASC,PSYC, 100A,026,06059631,3,F,BA
ASC,PSYC, 100A,027,10106416,3,F,BAH
ASC,PSYC, 100A,027,10086440,3,F,BSCH
ASC,PSYC, 100A,027,10097647,3,M,BAH
ASC,PSYC, 100A,027,10061036,3,M,BSCH
ASC,PSYC, 100A,027,10105111,3,M,BSCH
ASC,PSYC, 100A,027,10084064,3,M,BAH
ASC,PSYC, 100A,027,10102096,3,F,BSCH
ASC,PSYC, 100A,027,10086392,3,F,BSCH
ASC,PSYC, 100A,027,10097381,3,F,BSCH
ASC,PSYC, 100A,028,10092367,3,F,BPHEH
ASC,PSYC, 100A,028,10093775,3,M,BPHEH
ASC,PSYC, 100A,028,10053108,3,F,BPHEH
ASC,PSYC, 100A,028,10113887,3,M,BCMPH
ASC,PSYC, 100A,028,10099300,3,F,BAH
ASC,PSYC, 100A,028,10092853,3,F,BAH
ASC,PSYC, 100A,028,10085245,3,M,BPHEH
ASC,PSYC, 100A,028,10093708,3,M,BPHEH
ASC,PSYC, 100A,028,10093724,3,F,BPHEH
ASC,PSYC, 100A,029,10095989,3,M,BAH
ASC,PSYC, 100A,030,10094769,3,F,BAH
ASC,PSYC, 100A,030,10100518,3,F,BSCH
ASC,PSYC, 100A,030,10086994,3,M,BAH
ASC,PSYC, 100A,030,10091822,3,F,BAH
ASC,PSYC, 100A,030,10100155,3,F,BAH
ASC,PSYC, 100A,030,10106930,3,F,BAH
ASC,PSYC, 100A,030,10100847,3,M,BAH
ASC,PSYC, 100A,030,10093265,3,F,BAH
ASC,PSYC, 100A,030,10110255,3,M,BAH
ASC,PSYC, 100A,030,10106586,3,F,BAH
ASC,PSYC, 100A,030,10019083,3,F,BAH
ASC,PSYC, 100A,031,10106232,3,F,BFAH
ASC,PSYC, 100A,031,10099382,3,F,BAH
ASC,PSYC, 100A,031,10085932,3,F,BAH
ASC,PSYC, 100A,031,10097685,3,F,BSCH
ASC,PSYC, 100A,031,10102830,3,F,BSCH
ASC,PSYC, 100A,031,10085364,3,F,BSCH
ASC,PSYC, 100A,031,10061031,3,F,BAH
ASC,PSYC, 100A,031,10105588,3,F,BAH
ASC,PSYC, 100A,031,10053911,3,M,BAH
ASC,PSYC, 100A,031,10072819,3,F,BSCH
ASC,PSYC, 100A,032,10095556,3,F,BAH
ASC,PSYC, 100A,032,10111312,3,M,BAH
ASC,PSYC, 100A,032,10101315,3,F,BAH
ASC,PSYC, 100A,032,10091125,3,F,BPHEH
ASC,PSYC, 100A,032,10094161,3,F,BSCH
ASC,PSYC, 100A,032,10099604,3,F,BAH
ASC,PSYC, 100A,032,10098290,3,F,BAH
ASC,PSYC, 100A,032,10091426,3,F,BAH
ASC,PSYC, 100A,032,10113943,3,F,BCMPH
ASC,PSYC, 100A,032,10097208,3,F,BSCH
ASC,PSYC, 100A,032,10098167,3,F,BAH
ASC,PSYC, 100A,032,10064841,3,F,BSCH
ASC,PSYC, 100A,032,10092491,3,F,BPHEH
ASC,PSYC, 100A,032,10051516,3,F,BAH
ASC,PSYC, 100A,033,10103742,3,F,BAH
ASC,PSYC, 100A,033,10103525,3,F,BAH
ASC,PSYC, 100A,033,10104890,3,F,BAH
ASC,PSYC, 100A,033,10108945,3,F,BAH
ASC,PSYC, 100A,033,10092989,3,F,BAH
ASC,PSYC, 100A,033,10102110,3,F,BAH
ASC,PSYC, 100A,033,10012330,3,M,BSCH
ASC,PSYC, 100A,033,10093704,3,F,BAH
ASC,PSYC, 100A,033,10108929,3,F,BAH
ASC,PSYC, 100A,033,10076601,3,M,BAH
ASC,PSYC, 100A,034,10086811,3,F,BAH
ASC,PSYC, 100A,034,10111893,3,F,BSCH
ASC,PSYC, 100A,034,10097883,3,F,BAH
ASC,PSYC, 100A,034,10107412,3,M,BAH
ASC,PSYC, 100A,034,10094234,3,M,BAH
ASC,PSYC, 100A,035,10093604,3,F,BSCH
ASC,PSYC, 100A,035,10084849,3,M,BAH
ASC,PSYC, 100A,035,10093453,3,M,BSCH
ASC,PSYC, 100A,035,10114810,3,F,BAH
ASC,PSYC, 100A,035,05774319,3,F,BSC
ASC,PSYC, 100A,035,10100083,3,M,BAH
ASC,PSYC, 100A,035,10085835,3,F,BAH
ASC,PSYC, 100A,036,10095802,3,F,BAH
ASC,PSYC, 100A,036,10090729,3,F,BAH
ASC,PSYC, 100A,036,10103717,3,M,BSCH
ASC,PSYC, 100A,036,10098298,3,F,BAH
ASC,PSYC, 100A,036,10112160,3,F,BSCH
ASC,PSYC, 100A,036,10098311,3,F,BAH
ASC,PSYC, 100A,036,10093419,3,F,BAH
ASC,PSYC, 100A,036,10095725,3,M,BAH
ASC,PSYC, 100A,036,10110351,3,F,BAH
ASC,PSYC, 100A,036,10084795,3,F,BAH
ASC,PSYC, 100A,036,10092349,3,F,BAH
ASC,PSYC, 100A,036,10096513,3,F,BSCH
ASC,PSYC, 100A,036,10092634,3,F,BSCH
ASC,PSYC, 100A,037,06243276,3,F,BSCH
ASC,PSYC, 100A,037,10091592,3,F,BSCH
ASC,PSYC, 100A,037,10090740,3,F,BAH
ASC,PSYC, 100A,037,10091276,3,F,BSCH
ASC,PSYC, 100A,037,10072183,3,M,BMUS
ASC,PSYC, 100A,037,10103601,3,F,BSCH
ASC,PSYC, 100A,037,10086173,3,F,BSCH
ASC,PSYC, 100A,037,10105596,3,F,BAH
ASC,PSYC, 100A,037,10083732,3,M,BSCH
ASC,PSYC, 100A,037,10072787,3,M,BAH
ASC,PSYC, 100A,037,10102174,3,M,BSCH
ASC,PSYC, 100A,037,10089310,3,F,BSCH
ASC,PSYC, 100A,038,10005692,3,M,BAH
ASC,PSYC, 100A,038,10101377,3,M,BAH
ASC,PSYC, 100A,038,10083648,3,F,BSCH
ASC,PSYC, 100A,038,10113846,3,F,BAH
ASC,PSYC, 100A,038,10094738,3,F,BAH
ASC,PSYC, 100A,038,10106348,3,F,BAH
ASC,PSYC, 100A,038,10106736,3,F,BAH
ASC,PSYC, 100A,038,10109203,3,M,BSCH
ASC,PSYC, 100A,038,10094219,3,F,BAH
ASC,PSYC, 100A,038,10100547,3,M,BSCH
ASC,PSYC, 100A,038,10091586,3,F,BSCH
ASC,PSYC, 100A,038,10019493,3,F,BSCH
ASC,PSYC, 100A,038,10022407,3,M,BAH
ASC,PSYC, 100A,038,10096888,3,M,BAH
ASC,PSYC, 100A,038,10092052,3,F,BAH
ASC,PSYC, 100A,038,10091342,3,F,BAH
ASC,PSYC, 100A,038,10091744,3,F,BAH
ASC,PSYC, 100A,039,10105633,3,F,BAH
ASC,PSYC, 100A,039,10091846,3,M,BSCH
ASC,PSYC, 100A,039,10087062,3,F,BSCH
ASC,PSYC, 100A,039,10107951,3,F,BAH
ASC,PSYC, 100A,039,10099044,3,F,BAH
ASC,PSYC, 100A,039,10091720,3,F,BSCH
ASC,PSYC, 100A,039,10094434,3,F,BSCH
ASC,PSYC, 100A,039,10091406,3,F,BAH
ASC,PSYC, 100A,040,10109482,3,M,BAH
ASC,PSYC, 100A,041,10092679,3,F,BAH
ASC,PSYC, 100A,041,10111257,3,F,BSCH
ASC,PSYC, 100A,042,10098188,3,M,BCMPH
ASC,PSYC, 100A,042,10091761,3,M,BSCH
ASC,PSYC, 100A,043,10096696,3,F,BAH
ASC,PSYC, 100A,043,10113214,3,M,BFAH
ASC,PSYC, 100A,043,10023478,3,F,BCMPH
ASC,PSYC, 100A,043,10096774,3,M,BSCH
ASC,PSYC, 100A,043,10101455,3,F,BSCH
ASC,PSYC, 100A,044,10099149,3,F,BSCH
ASC,PSYC, 100A,044,10105009,3,F,BAH
ASC,PSYC, 100A,045,10111276,3,F,BCMPH
ASC,PSYC, 100A,045,10102794,3,F,BAH
ASC,PSYC, 100A,045,10106567,3,F,BSCH
ASC,PSYC, 100A,045,10050726,3,F,BAH
ASC,PSYC, 100A,045,10057348,3,F,BSCH
ASC,PSYC, 100A,045,10089299,3,F,BSCH
ASC,PSYC, 100A,045,10095994,3,F,BSCH
ASC,PSYC, 100A,045,10025972,3,M,BSCE
ASC,PSYC, 100A,046,10092699,3,F,BSCH
ASC,PSYC, 100A,046,10093302,3,F,BSCH
ASC,PSYC, 100A,046,10094460,3,M,BSCH
ASC,PSYC, 100A,046,10103950,3,M,BSCH
ASC,PSYC, 100A,046,10057732,3,F,BNSC
ASC,PSYC, 100A,046,10092433,3,F,BSCH
ASC,PSYC, 100A,046,10092208,3,F,BSCH
ASC,PSYC, 100A,046,10066200,3,M,BSCH
ASC,PSYC, 100A,046,10085124,3,F,BNSC
ASC,PSYC, 100A,046,10084845,3,F,BNSC
ASC,PSYC, 100A,046,10084829,3,F,BNSC
ASC,PSYC, 100A,046,10092980,3,F,BSCH
ASC,PSYC, 100A,046,10094240,3,F,BSCH
ASC,PSYC, 100A,046,10092379,3,F,BSCH
ASC,PSYC, 100A,047,10085437,3,F,BNSC
ASC,PSYC, 100A,047,10084825,3,F,BNSC
ASC,PSYC, 100A,047,10084022,3,F,BNSC
ASC,PSYC, 100A,047,10086025,3,F,BNSC
ASC,PSYC, 100A,047,10113892,3,F,BNSC
ASC,PSYC, 100A,047,10109640,3,M,BNSC
ASC,PSYC, 100A,047,10084603,3,F,BNSC
ASC,PSYC, 100A,047,10086200,3,F,BNSC
ASC,PSYC, 100A,047,10080780,3,F,BNSC
ASC,PSYC, 100A,047,10110152,3,F,BNSC
ASC,PSYC, 100A,048,10099448,3,F,BAH
ASC,PSYC, 100A,048,10109452,3,F,BAH
ASC,PSYC, 100A,048,10106811,3,F,BSCH
ASC,PSYC, 100A,048,10102242,3,F,BAH
ASC,PSYC, 100A,048,10048459,3,F,BSCH
ASC,PSYC, 100A,049,10089394,3,F,BSCH
ASC,PSYC, 100A,049,10107472,3,F,BPHEH
ASC,PSYC, 100A,049,10112705,3,F,BAH
ASC,PSYC, 100A,049,10092961,3,F,BAH
ASC,PSYC, 100A,049,10095768,3,F,BSCH
ASC,PSYC, 100A,049,10107394,3,M,BAH
ASC,PSYC, 100A,049,10099938,3,F,BSCH
ASC,PSYC, 100A,049,10091457,3,F,BAH
ASC,PSYC, 100A,049,10086860,3,F,BSCH
ASC,PSYC, 100A,049,10105405,3,F,BSCH
ASC,PSYC, 100A,049,10106988,3,F,BSCH
ASC,PSYC, 100A,049,10109667,3,M,BPHEH
ASC,PSYC, 100A,049,10106838,3,F,BSCH
ASC,PSYC, 100A,050,10024357,3,F,BAH
ASC,PSYC, 100A,050,10108550,3,F,BSCH
ASC,PSYC, 100A,050,10093471,3,M,BSCH
ASC,PSYC, 100A,050,10098916,3,F,BAH
ASC,PSYC, 100A,050,10107285,3,M,BSCH
ASC,PSYC, 100A,050,10098907,3,F,BAH
ASC,PSYC, 100A,050,10119672,3,M,BPHEH
ASC,PSYC, 100A,050,10103202,3,M,BSCH
ASC,PSYC, 100A,051,10104662,3,M,BAH
ASC,PSYC, 100A,051,10106984,3,M,BAH
ASC,PSYC, 100A,051,10108211,3,M,BAH
ASC,PSYC, 100A,051,10086847,3,F,BSCH
ASC,PSYC, 100A,051,10108793,3,M,BSCH
ASC,PSYC, 100A,051,10111870,3,F,BAH
ASC,PSYC, 100A,052,10045195,3,F,BAH
ASC,PSYC, 100A,052,10062229,3,F,BSCH
ASC,PSYC, 100A,052,10083584,3,F,BSCH
ASC,PSYC, 100A,053,10097968,3,F,BAH
ASC,PSYC, 100A,053,10092936,3,F,BSCH
ASC,PSYC, 100A,053,10101184,3,F,BAH
ASC,PSYC, 100A,053,10094066,3,F,BAH
ASC,PSYC, 100A,053,10108198,3,F,BSCH
ASC,PSYC, 100A,053,10092874,3,F,BAH
ASC,PSYC, 100A,053,10099952,3,F,BAH
ASC,PSYC, 100A,053,10110435,3,F,BAH
ASC,PSYC, 100A,053,10095273,3,M,BSCH
ASC,PSYC, 100A,053,10093945,3,F,BSCH
ASC,PSYC, 100A,053,10101423,3,M,BSCH
ASC,PSYC, 100A,053,10092637,3,F,BSCH
ASC,PSYC, 100A,053,10018371,3,F,BMUS
ASC,PSYC, 100A,053,10009528,3,F,BSCH
ASC,PSYC, 100A,053,10106793,3,F,BAH
ASC,PSYC, 100A,053,10097890,3,M,BSCH
ASC,PSYC, 100A,054,10108722,3,F,BAH
ASC,PSYC, 100A,054,10091160,3,F,BAH
ASC,PSYC, 100A,054,10106206,3,F,BAH
ASC,PSYC, 100A,054,10052996,3,M,BAH
ASC,PSYC, 100A,054,10103570,3,F,BAH
ASC,PSYC, 100A,054,10102153,3,F,BAH
ASC,PSYC, 100A,054,10096969,3,F,BAH
ASC,PSYC, 100A,054,10058107,3,M,BSCH
ASC,PSYC, 100A,054,10091721,3,F,BAH
ASC,PSYC, 100A,054,10101546,3,F,BAH
ASC,PSYC, 100A,054,10098940,3,F,BAH
ASC,PSYC, 100A,055,10096094,3,M,BAH
ASC,PSYC, 100A,055,10097659,3,F,BNSC
ASC,PSYC, 100A,055,10096252,3,F,BNSC
ASC,PSYC, 100A,055,10093902,3,F,BNSC
ASC,PSYC, 100A,055,10094899,3,F,BNSC
ASC,PSYC, 100A,055,10094521,3,F,BNSC
ASC,PSYC, 100A,055,10093296,3,F,BNSC
ASC,PSYC, 100A,056,10096194,3,F,BAH
ASC,PSYC, 100A,056,10052610,3,M,BAH
ASC,PSYC, 100A,056,10098696,3,F,BAH
ASC,PSYC, 100A,057,10100517,3,F,BSCH
ASC,PSYC, 100A,057,10086209,3,F,BSCH
ASC,PSYC, 100A,057,10096850,3,F,BAH
ASC,PSYC, 100A,058,10099010,3,F,BAH
ASC,PSYC, 100A,058,05995697,3,F,BAH
ASC,PSYC, 100A,058,10111167,3,M,BAH
ASC,PSYC, 100A,058,10099387,3,F,BAH
ASC,PSYC, 100A,058,10099088,3,F,BSCH
ASC,PSYC, 100A,058,10103626,3,F,BSCH
ASC,PSYC, 100A,058,10096158,3,F,BAH
ASC,PSYC, 100A,058,10093852,3,F,BAH
ASC,PSYC, 100A,058,10099699,3,F,BAH
ASC,PSYC, 100A,058,10098585,3,F,BAH
ASC,PSYC, 100A,058,10112246,3,F,BAH
ASC,PSYC, 100A,058,10102875,3,M,BAH
ASC,PSYC, 100A,058,10092484,3,F,BCMPH
ASC,PSYC, 100A,058,10108892,3,F,BCMPH
ASC,PSYC, 100A,058,10092274,3,F,BAH
ASC,PSYC, 100A,059,10113918,3,F,BAH
ASC,PSYC, 100A,059,10094940,3,F,BAH
ASC,PSYC, 100A,059,10099803,3,F,BAH
ASC,PSYC, 100A,059,10099053,3,M,BAH
ASC,PSYC, 100A,059,10103193,3,F,BAH
ASC,PSYC, 100A,059,10092105,3,F,BSCH
ASC,PSYC, 100A,059,10058776,3,F,BAH
ASC,PSYC, 100A,059,10092355,3,M,BAH
ASC,PSYC, 100A,060,10093918,3,F,BAH
ASC,PSYC, 100A,060,10092441,3,F,BAH
ASC,PSYC, 100A,060,10105808,3,M,BSCH
ASC,PSYC, 100A,060,10104249,3,F,BAH
ASC,PSYC, 100A,060,10092469,3,F,BCMPH
ASC,PSYC, 100A,060,10090197,3,M,BSCH
ASC,PSYC, 100A,060,10102676,3,F,BAH
ASC,PSYC, 100A,061,10090117,3,F,BSCH
ASC,PSYC, 100A,061,10109524,3,M,BAH
ASC,PSYC, 100A,061,10092473,3,F,BAH
ASC,PSYC, 100A,061,10110019,3,M,BCMPH
ASC,PSYC, 100A,061,10111356,3,M,BSCH
ASC,PSYC, 100A,061,10114136,3,F,BAH
ASC,PSYC, 100A,061,10109406,3,F,BAH
ASC,PSYC, 100A,061,10097916,3,F,BAH
ASC,PSYC, 100A,061,10102785,3,M,BAH
ASC,PSYC, 100A,062,10095069,3,F,BPHEH
ASC,PSYC, 100A,062,10107093,3,M,BPHEH
ASC,PSYC, 100A,062,10098281,3,F,BPHEH
ASC,PSYC, 100A,062,10100039,3,F,BPHEH
ASC,PSYC, 100A,062,10098622,3,F,BPHEH
ASC,PSYC, 100A,063,10062326,3,M,BAH
ASC,PSYC, 100A,063,10103978,3,F,BSCH
ASC,PSYC, 100A,063,10092625,3,F,BSCH
ASC,PSYC, 100A,063,10089302,3,F,BAH
ASC,PSYC, 100A,063,10102378,3,M,BSCH
ASC,PSYC, 100A,064,10098154,3,M,BAH
ASC,PSYC, 100A,064,10106080,3,M,BSCH
ASC,PSYC, 100A,064,10049299,3,M,BAH
ASC,PSYC, 100A,064,10100638,3,F,BSCH
ASC,PSYC, 100A,064,10107202,3,F,BAH
ASC,PSYC, 100A,065,10089769,3,F,BAH
ASC,PSYC, 100A,065,04448837,3,F,BSCH
ASC,PSYC, 100A,065,10087048,3,F,BSCH
ASC,PSYC, 100A,065,10092224,3,F,BFAH
ASC,PSYC, 100A,065,10097757,3,F,BAH
ASC,PSYC, 100A,065,10086199,3,F,BAH
ASC,PSYC, 100A,065,10050187,3,F,BSCH
ASC,PSYC, 100A,065,10099668,3,F,BAH
ASC,PSYC, 100A,065,10055836,3,F,BSCH
ASC,PSYC, 100A,065,10098565,3,F,BSCH
ASC,PSYC, 100A,065,10086599,3,F,BSCH
ASC,PSYC, 100A,065,10096593,3,F,BSCH
ASC,PSYC, 100A,065,10094119,3,F,BSCH
ASC,PSYC, 100A,066,10086674,3,F,BSCH
ASC,PSYC, 100A,066,03792318,3,F,BAH
ASC,PSYC, 100A,066,10092791,3,F,BAH
ASC,PSYC, 100A,066,10057829,3,F,BAH
ASC,PSYC, 100A,066,10094324,3,F,BAH
ASC,PSYC, 100A,066,10107106,3,F,BAH
ASC,PSYC, 100A,005,10109865,2,F,BSCH
ASC,PSYC, 100A,005,10093689,2,F,BSCH
ASC,PSYC, 100A,005,10101217,2,F,BAH
ASC,PSYC, 100A,005,10091204,2,F,BNSC
ASC,PSYC, 100A,005,10095690,2,M,BSCH
ASC,PSYC, 100A,005,10066907,2,M,BSCH
ASC,PSYC, 100A,005,10060767,2,M,BCMPH
ASC,PSYC, 100A,006,10098547,2,F,BSCH
ASC,PSYC, 100A,006,10086952,2,F,BSCH
ASC,PSYC, 100A,006,10087052,2,F,BSCH
ASC,PSYC, 100A,006,10086383,2,F,BSCH
ASC,PSYC, 100A,006,10090316,2,M,BSCH
ASC,PSYC, 100A,007,10083872,2,F,BAH
ASC,PSYC, 100A,007,10086180,2,F,BAH
ASC,PSYC, 100A,007,10054445,2,M,BAH
ASC,PSYC, 100A,007,10086162,2,F,BSCH
ASC,PSYC, 100A,007,10091446,2,F,BAH
ASC,PSYC, 100A,007,10096177,2,F,BAH
ASC,PSYC, 100A,007,10091362,2,F,BSCH
ASC,PSYC, 100A,007,10119866,2,F,BSC
ASC,PSYC, 100A,007,10092163,2,F,BAH
ASC,PSYC, 100A,007,10072158,2,F,BSCH
ASC,PSYC, 100A,007,10116015,2,M,BAH
ASC,PSYC, 100A,007,10091727,2,F,BAH
ASC,PSYC, 100A,007,10104239,2,F,BAH
ASC,PSYC, 100A,007,10091242,2,F,BSCH
ASC,PSYC, 100A,007,10093680,2,F,BAH
ASC,PSYC, 100A,007,10091774,2,F,BSCH
ASC,PSYC, 100A,008,10090670,2,F,BAH
ASC,PSYC, 100A,008,10107597,2,F,BAH
ASC,PSYC, 100A,008,10068483,2,F,BSCH
ASC,PSYC, 100A,008,10044825,2,F,BSCH
ASC,PSYC, 100A,008,10084919,2,F,BSCH
ASC,PSYC, 100A,008,10090842,2,F,BAH
ASC,PSYC, 100A,008,10087016,2,F,BAH
ASC,PSYC, 100A,008,10089341,2,F,BSCH
ASC,PSYC, 100A,008,10106819,2,F,BAH
ASC,PSYC, 100A,008,10083670,2,F,BAH
ASC,PSYC, 100A,009,10108301,2,F,BAH
ASC,PSYC, 100A,009,10092057,2,M,BSCH
ASC,PSYC, 100A,009,10108772,2,F,BAH
ASC,PSYC, 100A,009,07404421,2,F,BAH
ASC,PSYC, 100A,009,10104625,2,F,BAH
ASC,PSYC, 100A,009,10094345,2,F,BAH
ASC,PSYC, 100A,009,10105799,2,F,BAH
ASC,PSYC, 100A,009,10083733,2,F,BSCH
ASC,PSYC, 100A,009,10110085,2,M,BAH
ASC,PSYC, 100A,010,07400869,2,F,BSCH
ASC,PSYC, 100A,010,10084693,2,F,BSCH
ASC,PSYC, 100A,010,10043762,2,F,BAH
ASC,PSYC, 100A,010,10083964,2,F,BSCH
ASC,PSYC, 100A,010,10091249,2,F,BAH
ASC,PSYC, 100A,010,10106380,2,F,BSCH
ASC,PSYC, 100A,010,10102103,2,M,BAH
ASC,PSYC, 100A,010,10086815,2,M,BSCH
ASC,PSYC, 100A,010,10092062,2,F,BSCH
ASC,PSYC, 100A,011,10092827,2,M,BSCH
ASC,PSYC, 100A,011,10092270,2,F,BSCH
ASC,PSYC, 100A,011,10048273,2,F,BSCH
ASC,PSYC, 100A,011,10084839,2,F,BAH
ASC,PSYC, 100A,011,10093334,2,F,BAH
ASC,PSYC, 100A,011,10114791,2,F,BAH
ASC,PSYC, 100A,011,10098032,2,F,BAH
ASC,PSYC, 100A,011,10104408,2,F,BAH
ASC,PSYC, 100A,011,10091603,2,F,BAH
ASC,PSYC, 100A,011,10089738,2,F,BSCH
ASC,PSYC, 100A,012,10043910,2,F,BAH
ASC,PSYC, 100A,012,10099048,2,F,BSCH
ASC,PSYC, 100A,012,10085400,2,F,BSCH
ASC,PSYC, 100A,012,10093914,2,F,BAH
ASC,PSYC, 100A,012,10090413,2,F,BSCH
ASC,PSYC, 100A,012,10096110,2,F,BAH
ASC,PSYC, 100A,014,10092963,2,F,BAH
ASC,PSYC, 100A,014,10051697,2,M,BAH
ASC,PSYC, 100A,014,10103447,2,F,BSCH
ASC,PSYC, 100A,014,10110356,2,F,BAH
ASC,PSYC, 100A,014,10109113,2,F,BAH
ASC,PSYC, 100A,014,10009889,2,F,BSC
ASC,PSYC, 100A,014,10075086,2,F,BSCH
ASC,PSYC, 100A,014,10112308,2,F,BAH
ASC,PSYC, 100A,014,10099046,2,M,BAH
ASC,PSYC, 100A,015,10089806,2,F,BNSC
ASC,PSYC, 100A,015,10090898,2,F,BNSC
ASC,PSYC, 100A,015,10091518,2,F,BNSC
ASC,PSYC, 100A,015,10089031,2,F,BNSC
ASC,PSYC, 100A,015,10086795,2,F,BNSC
ASC,PSYC, 100A,015,10089413,2,F,BNSC
ASC,PSYC, 100A,015,10093119,2,F,BNSC
ASC,PSYC, 100A,015,10087027,2,F,BNSC
ASC,PSYC, 100A,015,10089695,2,F,BNSC
ASC,PSYC, 100A,015,10086534,2,F,BNSC
ASC,PSYC, 100A,015,10087043,2,F,BNSC
ASC,PSYC, 100A,015,10089271,2,F,BNSC
ASC,PSYC, 100A,016,10102878,2,F,BSCH
ASC,PSYC, 100A,016,10105042,2,F,BAH
ASC,PSYC, 100A,016,10086050,2,F,BSCH
ASC,PSYC, 100A,016,10113938,2,F,BAH
ASC,PSYC, 100A,016,10052633,2,F,BAH
ASC,PSYC, 100A,016,10110288,2,F,BAH
ASC,PSYC, 100A,016,10092194,2,M,BSCH
ASC,PSYC, 100A,016,10093761,2,M,BSCH
ASC,PSYC, 100A,016,10105696,2,M,BAH
ASC,PSYC, 100A,016,10090130,2,F,BAH
ASC,PSYC, 100A,017,10107516,2,F,BAH
ASC,PSYC, 100A,017,06039826,2,M,UASC
ASC,PSYC, 100A,017,10091195,2,F,BAH
ASC,PSYC, 100A,017,10051490,2,F,BSCH
ASC,PSYC, 100A,017,10085990,2,F,BAH
ASC,PSYC, 100A,017,10086803,2,F,BAH
ASC,PSYC, 100A,017,10093559,2,F,BAH
ASC,PSYC, 100A,017,10100629,2,M,BSCH
ASC,PSYC, 100A,017,10090067,2,F,BAH
ASC,PSYC, 100A,017,10096025,2,F,BAH
ASC,PSYC, 100A,017,10091352,2,F,BAH
ASC,PSYC, 100A,017,10105422,2,F,BAH
ASC,PSYC, 100A,017,10102791,2,F,BAH
ASC,PSYC, 100A,017,10096066,2,F,BAH
ASC,PSYC, 100A,017,10103391,2,F,BAH
ASC,PSYC, 100A,017,10111657,2,F,BSCH
ASC,PSYC, 100A,018,10106428,2,F,BAH
ASC,PSYC, 100A,018,10108555,2,F,BAH
ASC,PSYC, 100A,018,10103876,2,F,BAH
ASC,PSYC, 100A,018,10090619,2,F,BAH
ASC,PSYC, 100A,018,10096256,2,F,BAH
ASC,PSYC, 100A,018,10096127,2,F,BAH
ASC,PSYC, 100A,018,10083505,2,F,BAH
ASC,PSYC, 100A,019,10103574,2,F,BAH
ASC,PSYC, 100A,019,10098110,2,F,BAH
ASC,PSYC, 100A,019,10104807,2,F,BAH
ASC,PSYC, 100A,019,10066421,2,F,BAH
ASC,PSYC, 100A,019,10089987,2,M,BSCH
ASC,PSYC, 100A,019,10111953,2,M,BSCH
ASC,PSYC, 100A,019,10063320,2,F,BAH
ASC,PSYC, 100A,019,10096986,2,M,BSCH
ASC,PSYC, 100A,019,10091283,2,M,BSCH
ASC,PSYC, 100A,020,10103625,2,F,BSCH
ASC,PSYC, 100A,020,10048444,2,F,BAH
ASC,PSYC, 100A,020,10101224,2,F,BAH
ASC,PSYC, 100A,020,10100148,2,F,BAH
ASC,PSYC, 100A,020,10092151,2,F,BAH
ASC,PSYC, 100A,020,06232405,2,M,BSCH
ASC,PSYC, 100A,020,10096943,2,F,BAH
ASC,PSYC, 100A,020,10100778,2,F,BAH
ASC,PSYC, 100A,021,10097337,2,F,BAH
ASC,PSYC, 100A,021,10043430,2,F,BAH
ASC,PSYC, 100A,021,10097222,2,F,BAH
ASC,PSYC, 100A,021,10093117,2,F,BSCH
ASC,PSYC, 100A,021,10091196,2,M,BAH
ASC,PSYC, 100A,021,10096367,2,F,BAH
ASC,PSYC, 100A,021,10086828,2,M,BCMPH
ASC,PSYC, 100A,021,10068103,2,M,BSCH
ASC,PSYC, 100A,022,10091755,2,F,BAH
ASC,PSYC, 100A,022,10096842,2,F,BAH
ASC,PSYC, 100A,022,10063940,2,M,BSCH
ASC,PSYC, 100A,022,10100106,2,M,BAH
ASC,PSYC, 100A,022,10104819,2,F,BSCH
ASC,PSYC, 100A,022,10105191,2,F,BAH
ASC,PSYC, 100A,022,10098970,2,F,BSCH
ASC,PSYC, 100A,022,10057092,2,F,BAH
ASC,PSYC, 100A,022,10097758,2,F,BSCH
ASC,PSYC, 100A,022,10103735,2,F,BSCH
ASC,PSYC, 100A,022,10100175,2,M,BSCH
ASC,PSYC, 100A,022,10094250,2,F,BAH
ASC,PSYC, 100A,022,10059548,2,F,BAH
ASC,PSYC, 100A,022,10108991,2,M,BAH
ASC,PSYC, 100A,022,10057016,2,F,BAH
ASC,PSYC, 100A,023,10020932,2,F,BSCH
ASC,PSYC, 100A,023,10090892,2,F,BAH
ASC,PSYC, 100A,023,10099490,2,F,BSCH
ASC,PSYC, 100A,023,10103517,2,M,BSCH
ASC,PSYC, 100A,023,10103141,2,F,BNSC
ASC,PSYC, 100A,023,10103353,2,M,BNSC
ASC,PSYC, 100A,023,10045511,2,M,BSCH
ASC,PSYC, 100A,023,10103732,2,F,BNSC
ASC,PSYC, 100A,023,10085210,2,F,BAH
ASC,PSYC, 100A,023,10103741,2,F,BNSC
ASC,PSYC, 100A,023,10101287,2,F,BNSC
ASC,PSYC, 100A,023,10107212,2,F,BNSC
ASC,PSYC, 100A,023,10103648,2,F,BSCH
ASC,PSYC, 100A,023,10106334,2,F,BNSC
ASC,PSYC, 100A,023,10102209,2,F,BSCH
ASC,PSYC, 100A,023,10104695,2,F,BNSC
ASC,PSYC, 100A,024,10091638,2,F,BSCH
ASC,PSYC, 100A,024,10103709,2,M,BSCH
ASC,PSYC, 100A,024,10086681,2,F,BSCH
ASC,PSYC, 100A,024,10106311,2,M,BSCH
ASC,PSYC, 100A,024,10111899,2,M,BAH
ASC,PSYC, 100A,024,10090347,2,F,BPHEH
ASC,PSYC, 100A,024,10098250,2,F,BAH
ASC,PSYC, 100A,024,10086022,2,F,BAH
ASC,PSYC, 100A,024,10103862,2,F,BSCH
ASC,PSYC, 100A,024,10094455,2,F,BSCH
ASC,PSYC, 100A,025,10096766,2,M,BAH
ASC,PSYC, 100A,025,10089717,2,F,BAH
ASC,PSYC, 100A,025,10097060,2,M,BSCH
ASC,PSYC, 100A,025,10097147,2,F,BAH
ASC,PSYC, 100A,025,10048377,2,F,BSCH
ASC,PSYC, 100A,025,10018929,2,F,BSCH
ASC,PSYC, 100A,025,10108729,2,F,BAH
ASC,PSYC, 100A,025,10089135,2,F,BSCH
ASC,PSYC, 100A,025,06198690,2,F,BAH
ASC,PSYC, 100A,025,10100219,2,F,BAH
ASC,PSYC, 100A,026,10092411,2,F,BAH
ASC,PSYC, 100A,026,10094402,2,F,BSCH
ASC,PSYC, 100A,026,10094756,2,F,BSCH
ASC,PSYC, 100A,026,10093685,2,F,BSCH
ASC,PSYC, 100A,026,10058930,2,F,BSCH
ASC,PSYC, 100A,026,10094640,2,F,BSCH
ASC,PSYC, 100A,026,10104853,2,M,BCMPH
ASC,PSYC, 100A,026,10100392,2,F,BAH
ASC,PSYC, 100A,026,10093769,2,M,BSCH
ASC,PSYC, 100A,026,10091388,2,F,BSCH
ASC,PSYC, 100A,026,10105860,2,M,BAH
ASC,PSYC, 100A,026,10094380,2,F,BSCH
ASC,PSYC, 100A,026,10097737,2,F,BAH
ASC,PSYC, 100A,026,10100908,2,F,BAH
ASC,PSYC, 100A,026,10094431,2,M,BSCH
ASC,PSYC, 100A,027,10058357,2,F,BA
ASC,PSYC, 100A,027,10059915,2,F,BSCH
ASC,PSYC, 100A,027,10029696,2,M,BA
ASC,PSYC, 100A,027,10107232,2,F,BSCH
ASC,PSYC, 100A,027,10093321,2,F,BSCH
ASC,PSYC, 100A,027,06201033,2,M,BMUS
ASC,PSYC, 100A,027,10013441,2,F,BAH
ASC,PSYC, 100A,027,10108774,2,M,BAH
ASC,PSYC, 100A,027,10106413,2,F,BAH
ASC,PSYC, 100A,028,10091591,2,F,BPHEH
ASC,PSYC, 100A,028,10089172,2,F,BPHEH
ASC,PSYC, 100A,028,10091295,2,M,BPHEH
ASC,PSYC, 100A,028,10086106,2,F,BAH
ASC,PSYC, 100A,028,10081369,2,F,BPHEH
ASC,PSYC, 100A,028,10094494,2,F,BPHEH
ASC,PSYC, 100A,028,10018483,2,F,BSCH
ASC,PSYC, 100A,029,10086629,2,F,BSCH
ASC,PSYC, 100A,029,10111189,2,M,BSCH
ASC,PSYC, 100A,030,10112940,2,M,BAH
ASC,PSYC, 100A,030,10103389,2,F,BAH
ASC,PSYC, 100A,031,10109156,2,F,BSCH
ASC,PSYC, 100A,031,10098232,2,F,BAH
ASC,PSYC, 100A,031,10096182,2,F,BSCH
ASC,PSYC, 100A,031,10083695,2,F,BSCH
ASC,PSYC, 100A,031,10094593,2,M,BSCH
ASC,PSYC, 100A,031,10093560,2,F,BSCH
ASC,PSYC, 100A,031,10086787,2,F,BSCH
ASC,PSYC, 100A,031,10097731,2,F,BAH
ASC,PSYC, 100A,031,10090471,2,F,BSCH
ASC,PSYC, 100A,031,06010247,2,M,UASC
ASC,PSYC, 100A,031,10100954,2,F,BAH
ASC,PSYC, 100A,031,10104516,2,F,BAH
ASC,PSYC, 100A,032,10094408,2,F,BSCH
ASC,PSYC, 100A,032,10106467,2,F,BAH
ASC,PSYC, 100A,032,10092859,2,M,BAH
ASC,PSYC, 100A,032,10102901,2,F,BSCH
ASC,PSYC, 100A,032,10106280,2,M,BAH
ASC,PSYC, 100A,032,10098987,2,F,BAH
ASC,PSYC, 100A,032,10089328,2,F,BSCH
ASC,PSYC, 100A,032,10097885,2,F,BSCH
ASC,PSYC, 100A,032,10099655,2,M,BSCH
ASC,PSYC, 100A,033,10100345,2,M,BCMPH
ASC,PSYC, 100A,033,10072874,2,M,BAH
ASC,PSYC, 100A,033,10085412,2,F,BAH
ASC,PSYC, 100A,033,10098638,2,M,BSCH
ASC,PSYC, 100A,033,10097681,2,F,BSCH
ASC,PSYC, 100A,033,10111019,2,F,BAH
ASC,PSYC, 100A,033,10112419,2,F,BAH
ASC,PSYC, 100A,033,10100114,2,M,BAH
ASC,PSYC, 100A,034,10094314,2,F,BSCH
ASC,PSYC, 100A,034,10090860,2,F,BAH
ASC,PSYC, 100A,034,10093257,2,F,BAH
ASC,PSYC, 100A,034,10097253,2,F,BAH
ASC,PSYC, 100A,034,10099036,2,F,BSCH
ASC,PSYC, 100A,034,10104402,2,F,BAH
ASC,PSYC, 100A,034,10096803,2,F,BSCH
ASC,PSYC, 100A,034,10098334,2,M,BAH
ASC,PSYC, 100A,034,10100842,2,F,BAH
ASC,PSYC, 100A,034,10090515,2,F,BAH
ASC,PSYC, 100A,034,10091126,2,F,BAH
ASC,PSYC, 100A,034,10111594,2,F,BSCH
ASC,PSYC, 100A,034,10100369,2,F,BSCH
ASC,PSYC, 100A,034,10059557,2,F,BSCH
ASC,PSYC, 100A,034,10100344,2,M,BSCH
ASC,PSYC, 100A,034,10111318,2,F,BAH
ASC,PSYC, 100A,034,10084613,2,F,BAH
ASC,PSYC, 100A,034,10096964,2,F,BSCH
ASC,PSYC, 100A,034,10109983,2,F,BSCH
ASC,PSYC, 100A,034,10091581,2,M,BSCH
ASC,PSYC, 100A,034,10100223,2,F,BAH
ASC,PSYC, 100A,034,10085914,2,F,BSCH
ASC,PSYC, 100A,034,10086172,2,F,BAH
ASC,PSYC, 100A,035,10096328,2,F,BAH
ASC,PSYC, 100A,035,10086693,2,F,BAH
ASC,PSYC, 100A,035,10093646,2,F,BAH
ASC,PSYC, 100A,035,10053792,2,F,BAH
ASC,PSYC, 100A,035,10114820,2,M,BAH
ASC,PSYC, 100A,035,10095992,2,F,BAH
ASC,PSYC, 100A,035,10042560,2,F,BAH
ASC,PSYC, 100A,035,10095468,2,F,BAH
ASC,PSYC, 100A,036,10091159,2,M,BAH
ASC,PSYC, 100A,036,10091676,2,F,BAH
ASC,PSYC, 100A,036,10089243,2,F,BAH
ASC,PSYC, 100A,036,10094941,2,F,BAH
ASC,PSYC, 100A,036,10091414,2,F,BAH
ASC,PSYC, 100A,036,10105929,2,F,BAH
ASC,PSYC, 100A,036,10070947,2,F,BSCH
ASC,PSYC, 100A,036,10095820,2,M,BAH
ASC,PSYC, 100A,036,10013579,2,F,BSCH
ASC,PSYC, 100A,036,10067032,2,F,BAH
ASC,PSYC, 100A,037,10100100,2,F,BSCH
ASC,PSYC, 100A,037,10090409,2,F,BSCH
ASC,PSYC, 100A,037,10086652,2,M,BAH
ASC,PSYC, 100A,037,10095833,2,F,BSCH
ASC,PSYC, 100A,037,10104458,2,F,BSCH
ASC,PSYC, 100A,037,10101703,2,F,BSCH
ASC,PSYC, 100A,037,10102104,2,F,BSCH
ASC,PSYC, 100A,038,10110109,2,F,BAH
ASC,PSYC, 100A,038,10094942,2,M,BSCH
ASC,PSYC, 100A,038,10107377,2,F,BAH
ASC,PSYC, 100A,038,10103816,2,M,BSCH
ASC,PSYC, 100A,039,10107114,2,F,BAH
ASC,PSYC, 100A,039,10104495,2,F,BAH
ASC,PSYC, 100A,039,10090836,2,F,BSCH
ASC,PSYC, 100A,039,10086523,2,F,BSCH
ASC,PSYC, 100A,039,10118640,2,M,BSCH
ASC,PSYC, 100A,039,10092710,2,F,BSCH
ASC,PSYC, 100A,039,10114529,2,F,BAH
ASC,PSYC, 100A,041,10049220,2,F,BAH
ASC,PSYC, 100A,041,10070953,2,F,BSC
ASC,PSYC, 100A,041,10102359,2,F,BSCH
ASC,PSYC, 100A,041,10066163,2,F,BSCH
ASC,PSYC, 100A,041,10092312,2,M,BAH
ASC,PSYC, 100A,041,10026023,2,F,BAH
ASC,PSYC, 100A,041,10055649,2,F,BAH
ASC,PSYC, 100A,041,10092606,2,F,BAH
ASC,PSYC, 100A,041,10094123,2,M,BSCH
ASC,PSYC, 100A,042,10045820,2,F,BMUS
ASC,PSYC, 100A,043,10096091,2,F,BSCH
ASC,PSYC, 100A,043,10091256,2,M,BSCH
ASC,PSYC, 100A,043,10096293,2,F,BAH
ASC,PSYC, 100A,043,10098539,2,F,BAH
ASC,PSYC, 100A,043,10095411,2,M,BSCH
ASC,PSYC, 100A,043,10093330,2,F,BAH
ASC,PSYC, 100A,043,10111716,2,F,BAH
ASC,PSYC, 100A,043,10095851,2,F,BAH
ASC,PSYC, 100A,043,10097892,2,F,BAH
ASC,PSYC, 100A,043,10093894,2,F,BAH
ASC,PSYC, 100A,043,10021999,2,M,BAH
ASC,PSYC, 100A,043,10105795,2,F,BSCH
ASC,PSYC, 100A,043,10090097,2,F,BAH
ASC,PSYC, 100A,043,10091461,2,M,BSCH
ASC,PSYC, 100A,043,10100047,2,F,BSCH
ASC,PSYC, 100A,043,10084723,2,F,BAH
ASC,PSYC, 100A,044,10106764,2,F,BAH
ASC,PSYC, 100A,044,10106345,2,F,BAH
ASC,PSYC, 100A,044,10104963,2,M,BSCH
ASC,PSYC, 100A,044,10103770,2,M,BAH
ASC,PSYC, 100A,044,10111459,2,F,BAH
ASC,PSYC, 100A,044,10097375,2,F,BAH
ASC,PSYC, 100A,044,10090526,2,F,BSCH
ASC,PSYC, 100A,045,10095822,2,F,BSCH
ASC,PSYC, 100A,045,10091752,2,F,BSCH
ASC,PSYC, 100A,045,10086937,2,F,BAH
ASC,PSYC, 100A,045,10100311,2,F,BAH
ASC,PSYC, 100A,045,10095543,2,F,BAH
ASC,PSYC, 100A,045,10099449,2,F,BAH
ASC,PSYC, 100A,045,10090862,2,F,BAH
ASC,PSYC, 100A,045,10097262,2,F,BAH
ASC,PSYC, 100A,045,10066835,2,M,BCMPH
ASC,PSYC, 100A,046,10098955,2,F,BAH
ASC,PSYC, 100A,046,10093364,2,F,BSCH
ASC,PSYC, 100A,046,10107264,2,F,BAH
ASC,PSYC, 100A,046,10085111,2,F,BNSC
ASC,PSYC, 100A,046,07400866,2,M,BAH
ASC,PSYC, 100A,046,10092380,2,F,BSCH
ASC,PSYC, 100A,046,10092834,2,F,BSCH
ASC,PSYC, 100A,046,10084605,2,F,BNSC
ASC,PSYC, 100A,046,10090489,2,F,BAH
ASC,PSYC, 100A,047,10067486,2,F,BNSC
ASC,PSYC, 100A,047,07401769,2,F,BNSC
ASC,PSYC, 100A,047,10085403,2,F,BNSC
ASC,PSYC, 100A,047,07314406,2,F,BNSC
ASC,PSYC, 100A,047,10054024,2,F,BNSC
ASC,PSYC, 100A,048,10091691,2,F,BSCH
ASC,PSYC, 100A,048,10089883,2,F,BAH
ASC,PSYC, 100A,048,10099881,2,F,BAH
ASC,PSYC, 100A,048,10097300,2,F,BAH
ASC,PSYC, 100A,048,10012592,2,F,BSCH
ASC,PSYC, 100A,048,10084257,2,F,BAH
ASC,PSYC, 100A,048,10102323,2,F,BAH
ASC,PSYC, 100A,048,10100670,2,F,BSCH
ASC,PSYC, 100A,048,10051840,2,F,BSCH
ASC,PSYC, 100A,048,10107275,2,M,BCMPH
ASC,PSYC, 100A,048,10096779,2,F,BAH
ASC,PSYC, 100A,048,10017048,2,F,BSCH
ASC,PSYC, 100A,048,10108838,2,F,BAH
ASC,PSYC, 100A,049,10042729,2,F,BAH
ASC,PSYC, 100A,049,06336070,2,F,BSCH
ASC,PSYC, 100A,049,10102245,2,F,BAH
ASC,PSYC, 100A,049,10096864,2,M,BSCH
ASC,PSYC, 100A,049,10094931,2,M,BAH
ASC,PSYC, 100A,049,10005462,2,F,BAH
ASC,PSYC, 100A,049,06349005,2,F,BAH
ASC,PSYC, 100A,049,10007427,2,F,BSCH
ASC,PSYC, 100A,049,10093824,2,M,BAH
ASC,PSYC, 100A,049,10099227,2,F,BSCH
ASC,PSYC, 100A,049,10092309,2,F,BSCH
ASC,PSYC, 100A,050,10090525,2,F,BSCH
ASC,PSYC, 100A,050,10091194,2,F,BAH
ASC,PSYC, 100A,050,06294963,2,F,BAH
ASC,PSYC, 100A,050,10107424,2,M,BAH
ASC,PSYC, 100A,050,10101694,2,F,BSCH
ASC,PSYC, 100A,050,10101192,2,F,BSCH
ASC,PSYC, 100A,050,10062073,2,F,BSCH
ASC,PSYC, 100A,050,10084816,2,F,BAH
ASC,PSYC, 100A,050,10064186,2,M,BAH
ASC,PSYC, 100A,051,10094735,2,F,BAH
ASC,PSYC, 100A,051,10095966,2,M,BCMPH
ASC,PSYC, 100A,052,10086659,2,F,BAH
ASC,PSYC, 100A,052,10092137,2,F,BSCH
ASC,PSYC, 100A,052,10086512,2,F,BAH
ASC,PSYC, 100A,052,10107236,2,F,BSCH
ASC,PSYC, 100A,052,10093793,2,F,BSCH
ASC,PSYC, 100A,052,10113834,2,M,BAH
ASC,PSYC, 100A,052,10104307,2,F,BAH
ASC,PSYC, 100A,053,10113600,2,F,BAH
ASC,PSYC, 100A,053,10091570,2,F,BAH
ASC,PSYC, 100A,053,10058621,2,F,BSCH
ASC,PSYC, 100A,053,10108125,2,F,BSCH
ASC,PSYC, 100A,053,10103764,2,F,BCMPH
ASC,PSYC, 100A,053,10090882,2,M,BSCH
ASC,PSYC, 100A,053,10090816,2,F,BSCH
ASC,PSYC, 100A,053,10048845,2,F,BAH
ASC,PSYC, 100A,053,10110315,2,F,BAH
ASC,PSYC, 100A,053,10097923,2,F,BAH
ASC,PSYC, 100A,054,10104437,2,F,BSCH
ASC,PSYC, 100A,054,10093015,2,F,BAH
ASC,PSYC, 100A,054,10049871,2,F,BSCH
ASC,PSYC, 100A,054,10100548,2,F,BAH
ASC,PSYC, 100A,054,10098645,2,M,BAH
ASC,PSYC, 100A,054,10075049,2,F,BAH
ASC,PSYC, 100A,054,10105638,2,F,BAH
ASC,PSYC, 100A,054,10067232,2,F,BA
ASC,PSYC, 100A,054,10099157,2,F,BAH
ASC,PSYC, 100A,054,10107100,2,M,BSCH
ASC,PSYC, 100A,054,10108311,2,F,BAH
ASC,PSYC, 100A,055,10097213,2,F,BNSC
ASC,PSYC, 100A,055,10099959,2,F,BNSC
ASC,PSYC, 100A,055,10096379,2,F,BNSC
ASC,PSYC, 100A,055,10098260,2,F,BNSC
ASC,PSYC, 100A,055,10096130,2,F,BNSC
ASC,PSYC, 100A,055,10095832,2,F,BNSC
ASC,PSYC, 100A,055,10095731,2,F,BNSC
ASC,PSYC, 100A,055,10094384,2,F,BNSC
ASC,PSYC, 100A,056,10104882,2,M,BSCH
ASC,PSYC, 100A,057,10089379,2,F,BSCH
ASC,PSYC, 100A,057,10086862,2,F,BAH
ASC,PSYC, 100A,057,10098177,2,F,BAH
ASC,PSYC, 100A,057,10105951,2,F,BSCH
ASC,PSYC, 100A,057,10085968,2,F,BSCH
ASC,PSYC, 100A,057,10093917,2,F,BAH
ASC,PSYC, 100A,057,10092204,2,F,BSCH
ASC,PSYC, 100A,057,10114605,2,F,BSCH
ASC,PSYC, 100A,057,10113902,2,M,BCMPH
ASC,PSYC, 100A,057,10085952,2,F,BSCH
ASC,PSYC, 100A,057,10116019,2,F,BAH
ASC,PSYC, 100A,057,10091759,2,F,BSCH
ASC,PSYC, 100A,057,10093939,2,F,BSCH
ASC,PSYC, 100A,057,10104083,2,M,BSCH
ASC,PSYC, 100A,057,10090767,2,M,BSCH
ASC,PSYC, 100A,057,10066620,2,F,BAH
ASC,PSYC, 100A,058,10092261,2,F,BAH
ASC,PSYC, 100A,058,10111513,2,F,BAH
ASC,PSYC, 100A,058,10092449,2,F,BSCH
ASC,PSYC, 100A,058,10050903,2,F,BSC
ASC,PSYC, 100A,058,10096951,2,F,BAH
ASC,PSYC, 100A,058,10098233,2,F,BAH
ASC,PSYC, 100A,059,10090182,2,F,BAH
ASC,PSYC, 100A,059,10093483,2,F,BAH
ASC,PSYC, 100A,059,10091123,2,F,BAH
ASC,PSYC, 100A,059,10093639,2,F,BAH
ASC,PSYC, 100A,059,10093950,2,M,BAH
ASC,PSYC, 100A,059,10098659,2,M,BAH
ASC,PSYC, 100A,059,10107110,2,F,BAH
ASC,PSYC, 100A,060,10094729,2,F,BAH
ASC,PSYC, 100A,060,10107980,2,F,BAH
ASC,PSYC, 100A,060,10101002,2,M,BSCH
ASC,PSYC, 100A,060,10090091,2,F,BAH
ASC,PSYC, 100A,060,10107353,2,F,BSCH
ASC,PSYC, 100A,060,10090513,2,F,BSCH
ASC,PSYC, 100A,060,10108053,2,F,BAH
ASC,PSYC, 100A,060,10085992,2,F,BSCH
ASC,PSYC, 100A,060,10059005,2,M,BAH
ASC,PSYC, 100A,060,10092465,2,M,BAH
ASC,PSYC, 100A,060,10094712,2,F,BSCH
ASC,PSYC, 100A,060,10084712,2,F,BAH
ASC,PSYC, 100A,060,10081160,2,F,BAH
ASC,PSYC, 100A,060,10103934,2,F,BAH
ASC,PSYC, 100A,061,10093489,2,F,BAH
ASC,PSYC, 100A,061,10097027,2,M,BSCH
ASC,PSYC, 100A,061,10084563,2,F,BSCH
ASC,PSYC, 100A,061,10091065,2,F,BSCH
ASC,PSYC, 100A,061,10089357,2,F,BAH
ASC,PSYC, 100A,061,10085237,2,F,BSCH
ASC,PSYC, 100A,061,10039151,2,F,BA
ASC,PSYC, 100A,061,10101369,2,F,BAH
ASC,PSYC, 100A,061,10096946,2,F,BSCH
ASC,PSYC, 100A,063,06326619,2,M,BSCE
ASC,PSYC, 100A,063,10099005,2,F,BAH
ASC,PSYC, 100A,063,10093399,2,F,BSCH
ASC,PSYC, 100A,063,10109084,2,F,BAH
ASC,PSYC, 100A,063,10086464,2,F,BAH
ASC,PSYC, 100A,064,10104972,2,F,BSCH
ASC,PSYC, 100A,064,10023265,2,F,BAH
ASC,PSYC, 100A,064,10094611,2,M,BAH
ASC,PSYC, 100A,064,10093728,2,F,BFAH
ASC,PSYC, 100A,064,10103436,2,F,BAH
ASC,PSYC, 100A,065,10084848,2,F,BSCH
ASC,PSYC, 100A,065,10092072,2,M,BSCH
ASC,PSYC, 100A,065,10085978,2,F,BAH
ASC,PSYC, 100A,065,10094447,2,F,BAH
ASC,PSYC, 100A,065,10086424,2,F,BSCH
ASC,PSYC, 100A,065,10098263,2,F,BAH
ASC,PSYC, 100A,066,10093341,2,F,BSCH
ASC,PSYC, 100A,066,10089607,2,F,BAH
ASC,PSYC, 100A,066,10097915,2,F,BAH
ASC,PSYC, 100A,066,10107335,2,F,BFAH
ASC,PSYC, 100A,066,10086614,2,F,BSCH
ASC,PSYC, 100A,066,10101401,2,F,BAH
ASC,PSYC, 100A,066,10104015,2,F,BAH
ASC,PSYC, 100A,066,10064762,2,M,BSCH
ASC,PSYC, 100A,066,10089331,2,F,BAH
ASC,PSYC, 100A,066,10104115,2,M,BSCH
ASC,PSYC, 100A,066,10091378,2,F,BAH
ASC,PSYC, 100A,066,10102746,2,F,BAH
ASC,PSYC, 100A,066,10021141,2,F,BSCH
ASC,PSYC, 100A,066,10108598,2,M,BAH
ASC,PSYC, 100A,066,10112331,2,F,BAH
ASC,PSYC, 100A,066,10050135,2,F,BAH
ASC,PSYC, 100A,066,10092490,2,F,BAH
,,,,,,,
,,,,,,,
,,,,,,,
,,,,,,,
,,,,,,,
,,,,,,,
,,,,,,,
,, ,,,,,
